-- seed.sql - Datos de prueba reales para Wine-Pick-QR
-- Incluye: 1 admin, 40 productos, 20 promociones, eventos de consulta

USE wine_pick_qr;

-- =====================================================
-- admin_users (1 registro)
-- Password: Admin2026! | Hash bcrypt
-- =====================================================
INSERT INTO admin_users (username, password_hash, created_at) VALUES
('Admin', '$2y$10$tyG5oSLh/BbLarsuFEQVHe2/riIv.0yoGLulR3gLrZIUymUh0hpM2', NOW());

-- =====================================================
-- products (40 productos variados)
-- =====================================================
INSERT INTO `products` (`id`, `public_code`, `name`, `drink_type`, `winery_distillery`, `varietal`, `origin`, `vintage_year`, `short_description`, `base_price`, `visible_stock`, `image_url`, `is_active`, `created_at`, `updated_at`, `last_modified_by_admin_id`) VALUES
(1, 'WP-10001', 'Álamos Malbec Clásico', 'vino', 'Bodegas Álamos', 'Malbec', 'Mendoza, Argentina', 2022, 'Malbec equilibrado con notas de cereza negra y especias. Ideal para carnes rojas.', 3500.00, 25, 'https://imperialsoft.site/v4/uploads/products/product_1769112156_45243853e16cbe9c.jpg', 1, '2026-01-22 17:15:59', '2026-01-22 20:02:37', 1),
(2, 'WP-10002', 'Santa Pinot Noir Reserva', 'vino', 'Bodegas Santa', 'Pinot Noir', 'Río Negro, Argentina', 2021, 'Pinot elegante con aromas a frutas rojas frescas y taninos sedosos.', 4200.00, 18, 'https://imperialsoft.site/v4/uploads/products/product_1769172991_3a0b4b8f049516dd.jpg', 1, '2026-01-22 17:15:59', '2026-01-23 12:56:31', 1),
(3, 'WP-10003', 'Norton Cabernet Sauvignon Crianza', 'vino', 'Bodegas Norton', 'Cabernet Sauvignon', 'Mendoza, Argentina', 2020, 'Cabernet de guarda con estructura compleja y final persistente.', 4800.00, 14, 'https://imperialsoft.site/v4/uploads/products/product_1769173009_a790e5f43753d43e.jpg', 1, '2026-01-22 17:15:59', '2026-01-23 12:56:49', 1),
(4, 'WP-10004', 'Catena Chardonnay', 'vino', 'Bodegas Catena', 'Chardonnay', 'Mendoza, Argentina', 2023, 'Chardonnay fresco con notas de mantequilla y frutas amarillas.', 5200.00, 20, 'https://imperialsoft.site/v4/uploads/products/product_1769173038_cea9a40d775052d4.jpg', 1, '2026-01-22 17:15:59', '2026-01-23 12:57:18', 1),
(5, 'WP-10005', 'Achaval-Ferrer Syrah', 'vino', 'Bodegas Achaval-Ferrer', 'Syrah', 'Mendoza, Argentina', 2021, 'Syrah intenso con especias y frutos negros. Gran potencial de envejecimiento.', 6500.00, 12, 'https://imperialsoft.site/v4/uploads/products/product_1769173246_c53d113a357d9624.jpg', 1, '2026-01-22 17:15:59', '2026-01-23 13:00:46', 1),
(6, 'WP-10006', 'Susana Balbo Signature Malbec', 'vino', 'Susana Balbo Wines', 'Malbec', 'Salta, Argentina', 2021, 'Malbec de altura con elegancia y frescura característica de Salta.', 6000.00, 16, 'https://imperialsoft.site/v4/uploads/products/product_1769173267_9061272e33b12a3f.jpg', 1, '2026-01-22 17:15:59', '2026-01-23 13:01:08', 1),
(7, 'WP-10007', 'Luigi Bosca Bonarda', 'vino', 'Luigi Bosca', 'Bonarda', 'Mendoza, Argentina', 2022, 'Bonarda jugoso y fácil de beber, perfecto para picadas.', 3000.00, 30, 'https://imperialsoft.site/v4/uploads/products/product_1769173281_ed5c932efe8407f9.jpg', 1, '2026-01-22 17:15:59', '2026-01-23 13:01:21', 1),
(8, 'WP-10008', 'Rutini Single Vineyard', 'vino', 'Rutini Wines', 'Merlot', 'Mendoza, Argentina', 2022, 'Este vino se caracteriza por su presencia de frutas negras, pimienta, chocolate y tabaco. Los acentos de fruta negra (moras) irrumpen en la nariz, junto a otros matices aromáticos (humo, cuero)', 3800.00, 22, 'https://imperialsoft.site/v4/uploads/products/product_1769171673_90ba4bd2e23399d7.jpg', 1, '2026-01-22 17:15:59', '2026-01-23 12:34:33', 1),
(9, 'WP-10009', 'Santa Rosé de Malbec', 'vino', 'Bodegas Santa', 'Malbec', 'Mendoza, Argentina', 2023, 'Rosado pálido y refrescante, ideal para primavera y verano.', 3200.00, 28, 'https://imperialsoft.site/v4/uploads/products/product_1769173394_c37365b2e7d0b3a1.jpg', 1, '2026-01-22 17:15:59', '2026-01-23 13:03:14', 1),
(10, 'WP-10010', 'Tonel 78 Bonarda Malbec', 'vino', 'Tonel', 'Malbec', 'Mendoza, Argentina', 2021, 'Blend armónico que combina lo mejor de dos variedades nobles.', 5500.00, 17, 'https://imperialsoft.site/v4/uploads/products/product_1769172098_d37943bf9bce952f.jpg', 1, '2026-01-22 17:15:59', '2026-01-23 12:41:38', 1),
(11, 'WP-10011', 'Chandon Classic Brut', 'espumante', 'Bodega Chandon', NULL, 'Mendoza, Argentina', 2023, 'Espumante clásico con burbujas finas y notas cítricas. Perfecto para celebraciones.', 4500.00, 35, 'https://imperialsoft.site/v4/uploads/products/product_1769173432_3d5b8d6cbfa7018d.jpg', 1, '2026-01-22 17:15:59', '2026-01-23 13:03:52', 1),
(12, 'WP-10012', 'Peñaflor Brut Nature', 'espumante', 'Bodega Peñaflor', NULL, 'Mendoza, Argentina', 2023, 'Espumante seco y mineral con carácter elegante.', 3800.00, 28, 'https://imperialsoft.site/v4/uploads/products/product_1769173459_dd124dd7a31ccc68.jpg', 1, '2026-01-22 17:15:59', '2026-01-23 13:04:19', 1),
(13, 'WP-10013', 'Trump Tinto Brut', 'espumante', 'Bodega Trump', NULL, 'San Juan, Argentina', 2022, 'Espumante tinto con complejidad y frescura.', 4200.00, 20, 'https://imperialsoft.site/v4/uploads/products/product_1769173549_44401d35358bf9e7.jpg', 1, '2026-01-22 17:15:59', '2026-01-23 13:05:49', 1),
(14, 'WP-10014', 'Renacer Rosé Brut', 'espumante', 'Bodega Renacer', NULL, 'La Pampa, Argentina', 2023, 'Espumante rosado con aromas a frutos berries.', 3900.00, 25, 'https://imperialsoft.site/v4/uploads/products/product_1769173587_5f4faada6643dfa1.jpg', 1, '2026-01-22 17:15:59', '2026-01-23 13:06:27', 1),
(15, 'WP-10015', 'Auchentoshan Three Wood', 'whisky', 'Auchentoshan Distillery', NULL, 'Escocia', NULL, 'Whisky escocés triple destilado con notas de roble y frutas maduras.', 12000.00, 8, 'https://imperialsoft.site/v4/uploads/products/product_1769173605_deb22cf11490a01f.jpg', 1, '2026-01-22 17:15:59', '2026-01-23 13:06:45', 1),
(16, 'WP-10016', 'Glenmorangie The Original', 'whisky', 'Glenmorangie Distillery', NULL, 'Escocia', NULL, 'Whisky Highland clásico con 10 años de envejecimiento. Suave y aromático.', 10500.00, 10, 'https://imperialsoft.site/v4/uploads/products/product_1769173643_0856ef7aac778986.jpg', 1, '2026-01-22 17:15:59', '2026-01-23 13:07:23', 1),
(17, 'WP-10017', 'Oban 14 Years Old', 'whisky', 'Oban Distillery', NULL, 'Escocia', NULL, 'Whisky de los Highlands con carácter robusto y ahumado.', 13500.00, 6, 'https://imperialsoft.site/v4/uploads/products/product_1769173661_85230d0246154e66.jpg', 1, '2026-01-22 17:15:59', '2026-01-23 13:07:41', 1),
(18, 'WP-10018', 'Highland Park 18', 'whisky', 'Highland Park Distillery', NULL, 'Escocia', NULL, 'Whisky Islay con equilibrio perfecto entre turbación y dulzura.', 15000.00, 5, 'https://imperialsoft.site/v4/uploads/products/product_1769173699_0d9502939326d412.jpg', 1, '2026-01-22 17:15:59', '2026-01-23 13:08:28', 1),
(19, 'WP-10019', 'Hendrick\'s Gin', 'gin', 'Hendrick\'s Distillery', NULL, 'Escocia', NULL, 'Gin premium infusionado con pepino y especias. Tónica es esencial.', 9000.00, 12, 'https://imperialsoft.site/v4/uploads/products/product_1769172711_0ca589c8155a9be3.jpg', 1, '2026-01-22 17:15:59', '2026-01-23 12:51:51', 1),
(20, 'WP-10020', 'Tanqueray London Dry', 'gin', 'Tanqueray Distillery', NULL, 'Inglaterra', NULL, 'Gin clásico London Dry con junípero prominente y sabor seco.', 7500.00, 18, 'https://imperialsoft.site/v4/uploads/products/product_1769172672_2a97bb51b8e908f5.jpg', 1, '2026-01-22 17:15:59', '2026-01-23 12:51:13', 1),
(21, 'WP-10021', 'Bombay Sapphire', 'gin', 'Bombay Distillery', NULL, 'Inglaterra', NULL, 'Gin premium con 10 botánicos diferentes. Color azul característico.', 8500.00, 15, 'https://imperialsoft.site/v4/uploads/products/product_1769173899_f615ed7f9e19304d.jpg', 1, '2026-01-22 17:15:59', '2026-01-23 13:11:39', 1),
(22, 'WP-10022', 'Gordon\'s London Dry', 'gin', 'Gordon\'s Distillery', NULL, 'Inglaterra', NULL, 'Gin tradicional con sabor a botánicos clásicos, ideal para martinis.', 6800.00, 20, 'https://imperialsoft.site/v4/uploads/products/product_1769173926_4a4a05502d665c18.jpg', 1, '2026-01-22 17:15:59', '2026-01-23 13:12:06', 1),
(23, 'WP-10023', 'Baileys Irish Cream', 'licor', 'Baileys', NULL, 'Irlanda', NULL, 'Licor cremoso con chocolate e whisky. Perfecto para postres.', 5200.00, 22, 'https://imperialsoft.site/v4/uploads/products/product_1769173954_77cf8ce39407ac54.jpg', 1, '2026-01-22 17:15:59', '2026-01-23 13:12:34', 1),
(24, 'WP-10024', 'Kahlúa Original', 'licor', 'Kahlúa', NULL, 'México', NULL, 'Licor de café mexicano con dulzura y cuerpo completo.', 5900.00, 18, 'https://imperialsoft.site/v4/uploads/products/product_1769173983_966d8062975dcf87.jpg', 1, '2026-01-22 17:15:59', '2026-01-23 13:13:03', 1),
(25, 'WP-10025', 'Amaretto di Saronno', 'licor', 'Saronno', NULL, 'Italia', NULL, 'Licor de almendra italiana con aroma delicado y sabor suave.', 4800.00, 16, 'https://imperialsoft.site/v4/uploads/products/product_1769174077_6ed51e5f25d3814d.jpg', 1, '2026-01-22 17:15:59', '2026-01-23 13:14:37', 1),
(26, 'WP-10026', 'Cointreau', 'licor', 'Cointreau', NULL, 'Francia', NULL, 'Licor de naranja de clase mundial, ingrediente de cócteles clásicos.', 7200.00, 11, 'https://imperialsoft.site/v4/uploads/products/product_1769174227_4e6766944069ac78.jpg', 1, '2026-01-22 17:15:59', '2026-01-23 13:17:07', 1),
(27, 'WP-10027', 'Quilmes Clásica', 'cerveza', 'Cervecería Quilmes', NULL, 'Argentina', NULL, 'Cerveza rubia ligera y refrescante, la marca argentina por excelencia.', 450.00, 100, 'https://imperialsoft.site/v4/uploads/products/product_1769174426_829eff046419e1bc.jpg', 1, '2026-01-22 17:15:59', '2026-01-23 13:20:26', 1),
(28, 'WP-10028', 'Stella Artois', 'cerveza', 'Stella Artois', NULL, 'Bélgica', NULL, 'Cerveza pilsen belga premium con 600 años de tradición.', 850.00, 45, 'https://imperialsoft.site/v4/uploads/products/product_1769174457_2f4d0f97a69f8214.jpg', 1, '2026-01-22 17:15:59', '2026-01-23 13:20:57', 1),
(29, 'WP-10029', 'Corona Extra', 'cerveza', 'Corona', NULL, 'México', NULL, 'Cerveza mexicana clara y crujiente, tradicional con limón.', 650.00, 60, 'https://imperialsoft.site/v4/uploads/products/product_1769174507_19b1c9a36ed8b19a.jpg', 1, '2026-01-22 17:15:59', '2026-01-23 13:21:47', 1),
(30, 'WP-10030', 'Heineken Premium', 'cerveza', 'Heineken', NULL, 'Holanda', NULL, 'Cerveza holandesa con calidad consistente y sabor balanceado.', 750.00, 55, 'https://imperialsoft.site/v4/uploads/products/product_1769174541_d7d6a86b2488ac3a.jpg', 1, '2026-01-22 17:15:59', '2026-01-23 13:22:21', 1),
(31, 'WP-10031', 'Antares IPA', 'cerveza', 'Cervecería Antares', NULL, 'Argentina', NULL, 'India Pale Ale de lúpulo pronunciado con amargor característico.', 600.00, 30, 'https://imperialsoft.site/v4/uploads/products/product_1769174577_a62406c5f0980317.jpg', 1, '2026-01-22 17:15:59', '2026-01-23 13:22:57', 1),
(32, 'WP-10032', 'Decero Malbec', 'vino', 'Bodegas Decero', 'Malbec', 'Mendoza, Argentina', 2022, 'Malbec moderno con expresión pura de la variedad y terroir.', 7500.00, 14, 'https://imperialsoft.site/v4/uploads/products/product_1769170948_6c3a643018541e11.jpg', 1, '2026-01-22 17:15:59', '2026-01-23 12:22:28', 1),
(33, 'WP-10033', 'Ortuzar SESSION IPA', 'cerveza', 'Ortuzar', NULL, 'Buenos Aires, Argentina', NULL, 'Cerveza clara de color amarillento. Cuerpo ligero, con sabores a malta y caramelo, aunque el predominante principal es el lúpulo. Amargor medio alto. Notas a resina, frutas tropicales y cítricas.', 3800.00, 26, 'https://imperialsoft.site/v4/uploads/products/product_1769175132_f699a7e104f765b1.jpg', 1, '2026-01-22 17:15:59', '2026-01-23 13:32:12', 1),
(34, 'WP-10034', 'Riglos Premium Red', 'vino', 'Bodega Riglos', 'Malbec', 'San Juan, Argentina', 2020, 'Vino de valor excepcional con calidad de bodega grande.', 3400.00, 24, 'https://imperialsoft.site/v4/uploads/products/product_1769175337_4a04004e0a53f377.jpg', 1, '2026-01-22 17:15:59', '2026-01-23 13:35:37', 1),
(35, 'WP-10035', 'Finca Pedregal Extra Brut', 'espumante', 'Finca Pedregal', NULL, 'Mendoza, Argentina', 2022, 'Espumante ultra seco para paladares más sofisticados.', 5100.00, 19, 'https://imperialsoft.site/v4/uploads/products/product_1769175417_d6567e4eba471ce7.jpg', 1, '2026-01-22 17:15:59', '2026-01-23 13:36:57', 1),
(36, 'WP-10036', 'Ancho Gin Nacional', 'gin', 'Destilería Ancho', NULL, 'Argentina', NULL, 'Gin argentino artesanal con botánicos locales.', 8200.00, 14, 'https://imperialsoft.site/v4/uploads/products/product_1769175528_d9ee8f25c3e64d2e.jpg', 1, '2026-01-22 17:15:59', '2026-01-23 13:38:48', 1),
(37, 'WP-10037', 'Jägermeister', 'licor', 'Jägermeister', NULL, 'Alemania', NULL, 'Licor digestivo con 56 botánicos. Tradicional tomarse congelado.', 4500.00, 20, 'https://imperialsoft.site/v4/uploads/products/product_1769175677_f21a5f185c478248.jpg', 1, '2026-01-22 17:15:59', '2026-01-23 13:41:17', 1),
(38, 'WP-10038', 'Brahma', 'cerveza', 'Brahma', NULL, 'Brasil', NULL, 'Cerveza brasileña con carácter suave y refrescante.', 500.00, 80, 'https://imperialsoft.site/v4/uploads/products/product_1769175743_1a50a7db807d8bbf.jpg', 1, '2026-01-22 17:15:59', '2026-01-23 13:42:23', 1),
(39, 'WP-10039', 'Santa Rita Casa Real Merlot', 'vino', 'Bodega Santa Rita', 'Merlot', 'Aconcagua Valley, Chile', 2021, 'Merlot chileno con perfil frutal marcado y taninos suaves.', 6800.00, 11, 'https://imperialsoft.site/v4/uploads/products/product_1769175775_2e607d1fcbb03099.jpg', 1, '2026-01-22 17:15:59', '2026-01-23 13:42:55', 1),
(40, 'WP-10040', 'Johnnie Walker Blue Label', 'whisky', 'Johnnie Walker', NULL, 'Escocia', NULL, 'JOHNNIE WALKER BLUE LABEL pone las reglas, con capas y capas de sabor y raras barricas seleccionadas a mano de todas las regiones de destilación de Escocia.', 9500.00, 13, 'https://imperialsoft.site/v4/uploads/products/product_1769176005_14785bbf50aba2fe.jpg', 1, '2026-01-22 17:15:59', '2026-01-23 13:46:47', 1);
-- =====================================================
-- promotions (20 promociones sin end_at)
-- =====================================================
INSERT INTO promotions (
    product_id, promotion_type, parameter_value, visible_text, start_at, end_at, is_active, created_by_admin_id, created_at, updated_at
) VALUES
(1, 'porcentaje', 15.00, '15% OFF en Malbec Álamos', NOW(), NULL, 1, 1, NOW(), NOW()),
(2, 'precio_fijo', 3800.00, 'Pinot Santa a $3800', NOW(), NULL, 1, 1, NOW(), NOW()),
(3, '2x1', 0.00, '2x1 en Cabernet Norton', NOW(), NULL, 1, 1, NOW(), NOW()),
(4, 'porcentaje', 10.00, '10% OFF Chardonnay Catena', NOW(), NULL, 1, 1, NOW(), NOW()),
(5, 'precio_fijo', 5800.00, 'Syrah Achaval a $5800', NOW(), NULL, 1, 1, NOW(), NOW()),
(6, '3x2', 0.00, '3x2 en Susana Balbo Signature', NOW(), NULL, 1, 1, NOW(), NOW()),
(11, 'porcentaje', 20.00, '20% OFF Champagne Chandon', NOW(), NULL, 1, 1, NOW(), NOW()),
(15, 'precio_fijo', 11000.00, 'Auchentoshan a $11000', NOW(), NULL, 1, 1, NOW(), NOW()),
(19, '2x1', 0.00, '2x1 en Hendrick\'s Gin', NOW(), NULL, 1, 1, NOW(), NOW()),
(22, 'porcentaje', 12.00, '12% OFF Baileys Irish Cream', NOW(), NULL, 1, 1, NOW(), NOW()),
(26, 'precio_fijo', 9200.00, 'Quilmes caja x10 a $4500', NOW(), NULL, 1, 1, NOW(), NOW()),
(31, 'porcentaje', 18.00, '18% OFF Decero Malbec', NOW(), NULL, 1, 1, NOW(), NOW()),
(32, '3x2', 0.00, '3x2 en Mala Madre Tinto', NOW(), NULL, 1, 1, NOW(), NOW()),
(33, 'porcentaje', 14.00, '14% OFF Riglos Premium', NOW(), NULL, 1, 1, NOW(), NOW()),
(34, 'precio_fijo', 4600.00, 'Espumante Finca Pedregal a $4600', NOW(), NULL, 1, 1, NOW(), NOW()),
(35, '2x1', 0.00, '2x1 en Ancho Gin', NOW(), NULL, 1, 1, NOW(), NOW()),
(36, 'porcentaje', 16.00, '16% OFF Jägermeister', NOW(), NULL, 1, 1, NOW(), NOW()),
(37, 'precio_fijo', 7200.00, 'Santa Rita Casa Real a $7200', NOW(), NULL, 1, 1, NOW(), NOW()),
(38, '3x2', 0.00, '3x2 en Johnnie Walker Red', NOW(), NULL, 1, 1, NOW(), NOW()),
(9, 'porcentaje', 13.00, '13% OFF en Luigi Bosca Bonarda', NOW(), NULL, 1, 1, NOW(), NOW());

-- =====================================================
-- consult_events (eventos de consulta realistas - últimos 30 días)
-- =====================================================
INSERT INTO consult_events (product_id, occurred_at, channel) VALUES
(1, NOW(), 'QR', NULL),
(1, DATE_SUB(NOW(), INTERVAL 2 HOUR), 'BUSQUEDA', NULL),
(2, DATE_SUB(NOW(), INTERVAL 4 HOUR), 'QR', NULL),
(3, DATE_SUB(NOW(), INTERVAL 8 HOUR), 'BUSQUEDA', NULL),
(4, DATE_SUB(NOW(), INTERVAL 1 DAY), 'QR', NULL),
(5, DATE_SUB(NOW(), INTERVAL 1 DAY), 'BUSQUEDA', NULL),
(6, DATE_SUB(NOW(), INTERVAL 2 DAY), 'QR', NULL),
(7, DATE_SUB(NOW(), INTERVAL 2 DAY), 'BUSQUEDA', NULL),
(8, DATE_SUB(NOW(), INTERVAL 3 DAY), 'QR', NULL),
(9, DATE_SUB(NOW(), INTERVAL 3 DAY), 'BUSQUEDA', NULL),
(10, DATE_SUB(NOW(), INTERVAL 4 DAY), 'QR', NULL),
(11, DATE_SUB(NOW(), INTERVAL 4 DAY), 'BUSQUEDA', NULL),
(11, DATE_SUB(NOW(), INTERVAL 5 DAY), 'QR', NULL),
(12, DATE_SUB(NOW(), INTERVAL 5 DAY), 'BUSQUEDA', NULL),
(13, DATE_SUB(NOW(), INTERVAL 6 DAY), 'QR', NULL),
(14, DATE_SUB(NOW(), INTERVAL 6 DAY), 'BUSQUEDA', NULL),
(15, DATE_SUB(NOW(), INTERVAL 7 DAY), 'QR', NULL),
(16, DATE_SUB(NOW(), INTERVAL 8 DAY), 'BUSQUEDA', NULL),
(17, DATE_SUB(NOW(), INTERVAL 8 DAY), 'QR', NULL),
(18, DATE_SUB(NOW(), INTERVAL 9 DAY), 'BUSQUEDA', NULL),
(19, DATE_SUB(NOW(), INTERVAL 10 DAY), 'QR', NULL),
(20, DATE_SUB(NOW(), INTERVAL 10 DAY), 'BUSQUEDA', NULL),
(21, DATE_SUB(NOW(), INTERVAL 11 DAY), 'QR', NULL),
(22, DATE_SUB(NOW(), INTERVAL 12 DAY), 'BUSQUEDA', NULL),
(23, DATE_SUB(NOW(), INTERVAL 12 DAY), 'QR', NULL),
(24, DATE_SUB(NOW(), INTERVAL 13 DAY), 'BUSQUEDA', NULL),
(25, DATE_SUB(NOW(), INTERVAL 14 DAY), 'QR', NULL),
(26, DATE_SUB(NOW(), INTERVAL 14 DAY), 'BUSQUEDA', NULL),
(27, DATE_SUB(NOW(), INTERVAL 15 DAY), 'QR', NULL),
(28, DATE_SUB(NOW(), INTERVAL 16 DAY), 'BUSQUEDA', NULL),
(29, DATE_SUB(NOW(), INTERVAL 16 DAY), 'QR', NULL),
(30, DATE_SUB(NOW(), INTERVAL 17 DAY), 'BUSQUEDA', NULL),
(1, DATE_SUB(NOW(), INTERVAL 18 DAY), 'QR', NULL),
(1, DATE_SUB(NOW(), INTERVAL 19 DAY), 'BUSQUEDA', NULL),
(2, DATE_SUB(NOW(), INTERVAL 20 DAY), 'QR', NULL),
(3, DATE_SUB(NOW(), INTERVAL 21 DAY), 'BUSQUEDA', NULL),
(4, DATE_SUB(NOW(), INTERVAL 22 DAY), 'QR', NULL),
(5, DATE_SUB(NOW(), INTERVAL 23 DAY), 'BUSQUEDA', NULL),
(6, DATE_SUB(NOW(), INTERVAL 24 DAY), 'QR', NULL),
(7, DATE_SUB(NOW(), INTERVAL 25 DAY), 'BUSQUEDA', NULL),
(11, DATE_SUB(NOW(), INTERVAL 26 DAY), 'QR', NULL),
(11, DATE_SUB(NOW(), INTERVAL 27 DAY), 'BUSQUEDA', NULL),
(15, DATE_SUB(NOW(), INTERVAL 28 DAY), 'QR', NULL),
(19, DATE_SUB(NOW(), INTERVAL 29 DAY), 'BUSQUEDA', NULL),
(22, DATE_SUB(NOW(), INTERVAL 30 DAY), 'QR', NULL),
(26, DATE_SUB(NOW(), INTERVAL 30 DAY), 'BUSQUEDA', NULL);
(1, DATE_SUB(NOW(), INTERVAL 89 DAY), 'QR', NULL),
(2, DATE_SUB(NOW(), INTERVAL 89 DAY), 'BUSQUEDA', NULL),
(3, DATE_SUB(NOW(), INTERVAL 89 DAY), 'QR', NULL),
(4, DATE_SUB(NOW(), INTERVAL 89 DAY), 'BUSQUEDA', NULL),
(5, DATE_SUB(NOW(), INTERVAL 89 DAY), 'QR', NULL),
-- Día 2
(6, DATE_SUB(NOW(), INTERVAL 88 DAY), 'BUSQUEDA', NULL),
(7, DATE_SUB(NOW(), INTERVAL 88 DAY), 'QR', NULL),
(8, DATE_SUB(NOW(), INTERVAL 88 DAY), 'BUSQUEDA', NULL),
(9, DATE_SUB(NOW(), INTERVAL 88 DAY), 'QR', NULL),
(10, DATE_SUB(NOW(), INTERVAL 88 DAY), 'BUSQUEDA', NULL),
-- Día 3
(11, DATE_SUB(NOW(), INTERVAL 87 DAY), 'QR', NULL),
(12, DATE_SUB(NOW(), INTERVAL 87 DAY), 'BUSQUEDA', NULL),
(13, DATE_SUB(NOW(), INTERVAL 87 DAY), 'QR', NULL),
(14, DATE_SUB(NOW(), INTERVAL 87 DAY), 'BUSQUEDA', NULL),
(15, DATE_SUB(NOW(), INTERVAL 87 DAY), 'QR', NULL),
-- Día 4
(16, DATE_SUB(NOW(), INTERVAL 86 DAY), 'BUSQUEDA', NULL),
(17, DATE_SUB(NOW(), INTERVAL 86 DAY), 'QR', NULL),
(18, DATE_SUB(NOW(), INTERVAL 86 DAY), 'BUSQUEDA', NULL),
(19, DATE_SUB(NOW(), INTERVAL 86 DAY), 'QR', NULL),
(20, DATE_SUB(NOW(), INTERVAL 86 DAY), 'BUSQUEDA', NULL),
-- Día 5
(21, DATE_SUB(NOW(), INTERVAL 85 DAY), 'QR', NULL),
(22, DATE_SUB(NOW(), INTERVAL 85 DAY), 'BUSQUEDA', NULL),
(23, DATE_SUB(NOW(), INTERVAL 85 DAY), 'QR', NULL),
(24, DATE_SUB(NOW(), INTERVAL 85 DAY), 'BUSQUEDA', NULL),
(25, DATE_SUB(NOW(), INTERVAL 85 DAY), 'QR', NULL),
-- Día 6
(26, DATE_SUB(NOW(), INTERVAL 84 DAY), 'BUSQUEDA', NULL),
(27, DATE_SUB(NOW(), INTERVAL 84 DAY), 'QR', NULL),
(28, DATE_SUB(NOW(), INTERVAL 84 DAY), 'BUSQUEDA', NULL),
(29, DATE_SUB(NOW(), INTERVAL 84 DAY), 'QR', NULL),
(30, DATE_SUB(NOW(), INTERVAL 84 DAY), 'BUSQUEDA', NULL),
-- Día 7
(1, DATE_SUB(NOW(), INTERVAL 83 DAY), 'QR', NULL),
(2, DATE_SUB(NOW(), INTERVAL 83 DAY), 'BUSQUEDA', NULL),
(3, DATE_SUB(NOW(), INTERVAL 83 DAY), 'QR', NULL),
(4, DATE_SUB(NOW(), INTERVAL 83 DAY), 'BUSQUEDA', NULL),
(5, DATE_SUB(NOW(), INTERVAL 83 DAY), 'QR', NULL),
-- Día 8
(6, DATE_SUB(NOW(), INTERVAL 82 DAY), 'BUSQUEDA', NULL),
(7, DATE_SUB(NOW(), INTERVAL 82 DAY), 'QR', NULL),
(8, DATE_SUB(NOW(), INTERVAL 82 DAY), 'BUSQUEDA', NULL),
(9, DATE_SUB(NOW(), INTERVAL 82 DAY), 'QR', NULL),
(10, DATE_SUB(NOW(), INTERVAL 82 DAY), 'BUSQUEDA', NULL),
-- Día 9
(11, DATE_SUB(NOW(), INTERVAL 81 DAY), 'QR', NULL),
(12, DATE_SUB(NOW(), INTERVAL 81 DAY), 'BUSQUEDA', NULL),
(13, DATE_SUB(NOW(), INTERVAL 81 DAY), 'QR', NULL),
(14, DATE_SUB(NOW(), INTERVAL 81 DAY), 'BUSQUEDA', NULL),
(15, DATE_SUB(NOW(), INTERVAL 81 DAY), 'QR', NULL),
-- Día 10
(16, DATE_SUB(NOW(), INTERVAL 80 DAY), 'BUSQUEDA', NULL),
(17, DATE_SUB(NOW(), INTERVAL 80 DAY), 'QR', NULL),
(18, DATE_SUB(NOW(), INTERVAL 80 DAY), 'BUSQUEDA', NULL),
(19, DATE_SUB(NOW(), INTERVAL 80 DAY), 'QR', NULL),
(20, DATE_SUB(NOW(), INTERVAL 80 DAY), 'BUSQUEDA', NULL),
-- Día 11
(21, DATE_SUB(NOW(), INTERVAL 79 DAY), 'QR', NULL),
(22, DATE_SUB(NOW(), INTERVAL 79 DAY), 'BUSQUEDA', NULL),
(23, DATE_SUB(NOW(), INTERVAL 79 DAY), 'QR', NULL),
(24, DATE_SUB(NOW(), INTERVAL 79 DAY), 'BUSQUEDA', NULL),
(25, DATE_SUB(NOW(), INTERVAL 79 DAY), 'QR', NULL),
-- Día 12
(26, DATE_SUB(NOW(), INTERVAL 78 DAY), 'BUSQUEDA', NULL),
(27, DATE_SUB(NOW(), INTERVAL 78 DAY), 'QR', NULL),
(28, DATE_SUB(NOW(), INTERVAL 78 DAY), 'BUSQUEDA', NULL),
(29, DATE_SUB(NOW(), INTERVAL 78 DAY), 'QR', NULL),
(30, DATE_SUB(NOW(), INTERVAL 78 DAY), 'BUSQUEDA', NULL),
-- Día 13
(1, DATE_SUB(NOW(), INTERVAL 77 DAY), 'QR', NULL),
(2, DATE_SUB(NOW(), INTERVAL 77 DAY), 'BUSQUEDA', NULL),
(3, DATE_SUB(NOW(), INTERVAL 77 DAY), 'QR', NULL),
(4, DATE_SUB(NOW(), INTERVAL 77 DAY), 'BUSQUEDA', NULL),
(5, DATE_SUB(NOW(), INTERVAL 77 DAY), 'QR', NULL),
-- Día 14
(6, DATE_SUB(NOW(), INTERVAL 76 DAY), 'BUSQUEDA', NULL),
(7, DATE_SUB(NOW(), INTERVAL 76 DAY), 'QR', NULL),
(8, DATE_SUB(NOW(), INTERVAL 76 DAY), 'BUSQUEDA', NULL),
(9, DATE_SUB(NOW(), INTERVAL 76 DAY), 'QR', NULL),
(10, DATE_SUB(NOW(), INTERVAL 76 DAY), 'BUSQUEDA', NULL),
-- Día 15
(11, DATE_SUB(NOW(), INTERVAL 75 DAY), 'QR', NULL),
(12, DATE_SUB(NOW(), INTERVAL 75 DAY), 'BUSQUEDA', NULL),
(13, DATE_SUB(NOW(), INTERVAL 75 DAY), 'QR', NULL),
(14, DATE_SUB(NOW(), INTERVAL 75 DAY), 'BUSQUEDA', NULL),
(15, DATE_SUB(NOW(), INTERVAL 75 DAY), 'QR', NULL),
-- Día 16
(16, DATE_SUB(NOW(), INTERVAL 74 DAY), 'BUSQUEDA', NULL),
(17, DATE_SUB(NOW(), INTERVAL 74 DAY), 'QR', NULL),
(18, DATE_SUB(NOW(), INTERVAL 74 DAY), 'BUSQUEDA', NULL),
(19, DATE_SUB(NOW(), INTERVAL 74 DAY), 'QR', NULL),
(20, DATE_SUB(NOW(), INTERVAL 74 DAY), 'BUSQUEDA', NULL),
-- Día 17
(21, DATE_SUB(NOW(), INTERVAL 73 DAY), 'QR', NULL),
(22, DATE_SUB(NOW(), INTERVAL 73 DAY), 'BUSQUEDA', NULL),
(23, DATE_SUB(NOW(), INTERVAL 73 DAY), 'QR', NULL),
(24, DATE_SUB(NOW(), INTERVAL 73 DAY), 'BUSQUEDA', NULL),
(25, DATE_SUB(NOW(), INTERVAL 73 DAY), 'QR', NULL),
-- Día 18
(26, DATE_SUB(NOW(), INTERVAL 72 DAY), 'BUSQUEDA', NULL),
(27, DATE_SUB(NOW(), INTERVAL 72 DAY), 'QR', NULL),
(28, DATE_SUB(NOW(), INTERVAL 72 DAY), 'BUSQUEDA', NULL),
(29, DATE_SUB(NOW(), INTERVAL 72 DAY), 'QR', NULL),
(30, DATE_SUB(NOW(), INTERVAL 72 DAY), 'BUSQUEDA', NULL),
-- Día 19
(1, DATE_SUB(NOW(), INTERVAL 71 DAY), 'QR', NULL),
(2, DATE_SUB(NOW(), INTERVAL 71 DAY), 'BUSQUEDA', NULL),
(3, DATE_SUB(NOW(), INTERVAL 71 DAY), 'QR', NULL),
(4, DATE_SUB(NOW(), INTERVAL 71 DAY), 'BUSQUEDA', NULL),
(5, DATE_SUB(NOW(), INTERVAL 71 DAY), 'QR', NULL),
-- Día 20
(6, DATE_SUB(NOW(), INTERVAL 70 DAY), 'BUSQUEDA', NULL),
(7, DATE_SUB(NOW(), INTERVAL 70 DAY), 'QR', NULL),
(8, DATE_SUB(NOW(), INTERVAL 70 DAY), 'BUSQUEDA', NULL),
(9, DATE_SUB(NOW(), INTERVAL 70 DAY), 'QR', NULL),
(10, DATE_SUB(NOW(), INTERVAL 70 DAY), 'BUSQUEDA', NULL),
-- Día 21
(11, DATE_SUB(NOW(), INTERVAL 69 DAY), 'QR', NULL),
(12, DATE_SUB(NOW(), INTERVAL 69 DAY), 'BUSQUEDA', NULL),
(13, DATE_SUB(NOW(), INTERVAL 69 DAY), 'QR', NULL),
(14, DATE_SUB(NOW(), INTERVAL 69 DAY), 'BUSQUEDA', NULL),
(15, DATE_SUB(NOW(), INTERVAL 69 DAY), 'QR', NULL),
-- Día 22
(16, DATE_SUB(NOW(), INTERVAL 68 DAY), 'BUSQUEDA', NULL),
(17, DATE_SUB(NOW(), INTERVAL 68 DAY), 'QR', NULL),
(18, DATE_SUB(NOW(), INTERVAL 68 DAY), 'BUSQUEDA', NULL),
(19, DATE_SUB(NOW(), INTERVAL 68 DAY), 'QR', NULL),
(20, DATE_SUB(NOW(), INTERVAL 68 DAY), 'BUSQUEDA', NULL),
-- Día 23
(21, DATE_SUB(NOW(), INTERVAL 67 DAY), 'QR', NULL),
(22, DATE_SUB(NOW(), INTERVAL 67 DAY), 'BUSQUEDA', NULL),
(23, DATE_SUB(NOW(), INTERVAL 67 DAY), 'QR', NULL),
(24, DATE_SUB(NOW(), INTERVAL 67 DAY), 'BUSQUEDA', NULL),
(25, DATE_SUB(NOW(), INTERVAL 67 DAY), 'QR', NULL),
-- Día 24
(26, DATE_SUB(NOW(), INTERVAL 66 DAY), 'BUSQUEDA', NULL),
(27, DATE_SUB(NOW(), INTERVAL 66 DAY), 'QR', NULL),
(28, DATE_SUB(NOW(), INTERVAL 66 DAY), 'BUSQUEDA', NULL),
(29, DATE_SUB(NOW(), INTERVAL 66 DAY), 'QR', NULL),
(30, DATE_SUB(NOW(), INTERVAL 66 DAY), 'BUSQUEDA', NULL),
-- Día 25
(1, DATE_SUB(NOW(), INTERVAL 65 DAY), 'QR', NULL),
(2, DATE_SUB(NOW(), INTERVAL 65 DAY), 'BUSQUEDA', NULL),
(3, DATE_SUB(NOW(), INTERVAL 65 DAY), 'QR', NULL),
(4, DATE_SUB(NOW(), INTERVAL 65 DAY), 'BUSQUEDA', NULL),
(5, DATE_SUB(NOW(), INTERVAL 65 DAY), 'QR', NULL),
-- Día 26
(6, DATE_SUB(NOW(), INTERVAL 64 DAY), 'BUSQUEDA', NULL),
(7, DATE_SUB(NOW(), INTERVAL 64 DAY), 'QR', NULL),
(8, DATE_SUB(NOW(), INTERVAL 64 DAY), 'BUSQUEDA', NULL),
(9, DATE_SUB(NOW(), INTERVAL 64 DAY), 'QR', NULL),
(10, DATE_SUB(NOW(), INTERVAL 64 DAY), 'BUSQUEDA', NULL),
-- Día 27
(11, DATE_SUB(NOW(), INTERVAL 63 DAY), 'QR', NULL),
(12, DATE_SUB(NOW(), INTERVAL 63 DAY), 'BUSQUEDA', NULL),
(13, DATE_SUB(NOW(), INTERVAL 63 DAY), 'QR', NULL),
(14, DATE_SUB(NOW(), INTERVAL 63 DAY), 'BUSQUEDA', NULL),
(15, DATE_SUB(NOW(), INTERVAL 63 DAY), 'QR', NULL),
-- Día 28
(16, DATE_SUB(NOW(), INTERVAL 62 DAY), 'BUSQUEDA', NULL),
(17, DATE_SUB(NOW(), INTERVAL 62 DAY), 'QR', NULL),
(18, DATE_SUB(NOW(), INTERVAL 62 DAY), 'BUSQUEDA', NULL),
(19, DATE_SUB(NOW(), INTERVAL 62 DAY), 'QR', NULL),
(20, DATE_SUB(NOW(), INTERVAL 62 DAY), 'BUSQUEDA', NULL),
-- Día 29
(21, DATE_SUB(NOW(), INTERVAL 61 DAY), 'QR', NULL),
(22, DATE_SUB(NOW(), INTERVAL 61 DAY), 'BUSQUEDA', NULL),
(23, DATE_SUB(NOW(), INTERVAL 61 DAY), 'QR', NULL),
(24, DATE_SUB(NOW(), INTERVAL 61 DAY), 'BUSQUEDA', NULL),
(25, DATE_SUB(NOW(), INTERVAL 61 DAY), 'QR', NULL),
-- Día 30
(26, DATE_SUB(NOW(), INTERVAL 60 DAY), 'BUSQUEDA', NULL),
(27, DATE_SUB(NOW(), INTERVAL 60 DAY), 'QR', NULL),
(28, DATE_SUB(NOW(), INTERVAL 60 DAY), 'BUSQUEDA', NULL),
(29, DATE_SUB(NOW(), INTERVAL 60 DAY), 'QR', NULL),
(30, DATE_SUB(NOW(), INTERVAL 60 DAY), 'BUSQUEDA', NULL),
-- Día 31
(1, DATE_SUB(NOW(), INTERVAL 59 DAY), 'QR', NULL),
(2, DATE_SUB(NOW(), INTERVAL 59 DAY), 'BUSQUEDA', NULL),
(3, DATE_SUB(NOW(), INTERVAL 59 DAY), 'QR', NULL),
(4, DATE_SUB(NOW(), INTERVAL 59 DAY), 'BUSQUEDA', NULL),
(5, DATE_SUB(NOW(), INTERVAL 59 DAY), 'QR', NULL),
-- Día 32
(6, DATE_SUB(NOW(), INTERVAL 58 DAY), 'BUSQUEDA', NULL),
(7, DATE_SUB(NOW(), INTERVAL 58 DAY), 'QR', NULL),
(8, DATE_SUB(NOW(), INTERVAL 58 DAY), 'BUSQUEDA', NULL),
(9, DATE_SUB(NOW(), INTERVAL 58 DAY), 'QR', NULL),
(10, DATE_SUB(NOW(), INTERVAL 58 DAY), 'BUSQUEDA', NULL),
-- Día 33
(11, DATE_SUB(NOW(), INTERVAL 57 DAY), 'QR', NULL),
(12, DATE_SUB(NOW(), INTERVAL 57 DAY), 'BUSQUEDA', NULL),
(13, DATE_SUB(NOW(), INTERVAL 57 DAY), 'QR', NULL),
(14, DATE_SUB(NOW(), INTERVAL 57 DAY), 'BUSQUEDA', NULL),
(15, DATE_SUB(NOW(), INTERVAL 57 DAY), 'QR', NULL),
-- Día 34
(16, DATE_SUB(NOW(), INTERVAL 56 DAY), 'BUSQUEDA', NULL),
(17, DATE_SUB(NOW(), INTERVAL 56 DAY), 'QR', NULL),
(18, DATE_SUB(NOW(), INTERVAL 56 DAY), 'BUSQUEDA', NULL),
(19, DATE_SUB(NOW(), INTERVAL 56 DAY), 'QR', NULL),
(20, DATE_SUB(NOW(), INTERVAL 56 DAY), 'BUSQUEDA', NULL),
-- Día 35
(21, DATE_SUB(NOW(), INTERVAL 55 DAY), 'QR', NULL),
(22, DATE_SUB(NOW(), INTERVAL 55 DAY), 'BUSQUEDA', NULL),
(23, DATE_SUB(NOW(), INTERVAL 55 DAY), 'QR', NULL),
(24, DATE_SUB(NOW(), INTERVAL 55 DAY), 'BUSQUEDA', NULL),
(25, DATE_SUB(NOW(), INTERVAL 55 DAY), 'QR', NULL),
-- Día 36
(26, DATE_SUB(NOW(), INTERVAL 54 DAY), 'BUSQUEDA', NULL),
(27, DATE_SUB(NOW(), INTERVAL 54 DAY), 'QR', NULL),
(28, DATE_SUB(NOW(), INTERVAL 54 DAY), 'BUSQUEDA', NULL),
(29, DATE_SUB(NOW(), INTERVAL 54 DAY), 'QR', NULL),
(30, DATE_SUB(NOW(), INTERVAL 54 DAY), 'BUSQUEDA', NULL),
-- Día 37
(1, DATE_SUB(NOW(), INTERVAL 53 DAY), 'QR', NULL),
(2, DATE_SUB(NOW(), INTERVAL 53 DAY), 'BUSQUEDA', NULL),
(3, DATE_SUB(NOW(), INTERVAL 53 DAY), 'QR', NULL),
(4, DATE_SUB(NOW(), INTERVAL 53 DAY), 'BUSQUEDA', NULL),
(5, DATE_SUB(NOW(), INTERVAL 53 DAY), 'QR', NULL),
-- Día 38
(6, DATE_SUB(NOW(), INTERVAL 52 DAY), 'BUSQUEDA', NULL),
(7, DATE_SUB(NOW(), INTERVAL 52 DAY), 'QR', NULL),
(8, DATE_SUB(NOW(), INTERVAL 52 DAY), 'BUSQUEDA', NULL),
(9, DATE_SUB(NOW(), INTERVAL 52 DAY), 'QR', NULL),
(10, DATE_SUB(NOW(), INTERVAL 52 DAY), 'BUSQUEDA', NULL),
-- Día 39
(11, DATE_SUB(NOW(), INTERVAL 51 DAY), 'QR', NULL),
(12, DATE_SUB(NOW(), INTERVAL 51 DAY), 'BUSQUEDA', NULL),
(13, DATE_SUB(NOW(), INTERVAL 51 DAY), 'QR', NULL),
(14, DATE_SUB(NOW(), INTERVAL 51 DAY), 'BUSQUEDA', NULL),
(15, DATE_SUB(NOW(), INTERVAL 51 DAY), 'QR', NULL),
-- Día 40
(16, DATE_SUB(NOW(), INTERVAL 50 DAY), 'BUSQUEDA', NULL),
(17, DATE_SUB(NOW(), INTERVAL 50 DAY), 'QR', NULL),
(18, DATE_SUB(NOW(), INTERVAL 50 DAY), 'BUSQUEDA', NULL),
(19, DATE_SUB(NOW(), INTERVAL 50 DAY), 'QR', NULL),
(20, DATE_SUB(NOW(), INTERVAL 50 DAY), 'BUSQUEDA', NULL),
-- Día 41
(21, DATE_SUB(NOW(), INTERVAL 49 DAY), 'QR', NULL),
(22, DATE_SUB(NOW(), INTERVAL 49 DAY), 'BUSQUEDA', NULL),
(23, DATE_SUB(NOW(), INTERVAL 49 DAY), 'QR', NULL),
(24, DATE_SUB(NOW(), INTERVAL 49 DAY), 'BUSQUEDA', NULL),
(25, DATE_SUB(NOW(), INTERVAL 49 DAY), 'QR', NULL),
-- Día 42
(26, DATE_SUB(NOW(), INTERVAL 48 DAY), 'BUSQUEDA', NULL),
(27, DATE_SUB(NOW(), INTERVAL 48 DAY), 'QR', NULL),
(28, DATE_SUB(NOW(), INTERVAL 48 DAY), 'BUSQUEDA', NULL),
(29, DATE_SUB(NOW(), INTERVAL 48 DAY), 'QR', NULL),
(30, DATE_SUB(NOW(), INTERVAL 48 DAY), 'BUSQUEDA', NULL),
-- Día 43
(1, DATE_SUB(NOW(), INTERVAL 47 DAY), 'QR', NULL),
(2, DATE_SUB(NOW(), INTERVAL 47 DAY), 'BUSQUEDA', NULL),
(3, DATE_SUB(NOW(), INTERVAL 47 DAY), 'QR', NULL),
(4, DATE_SUB(NOW(), INTERVAL 47 DAY), 'BUSQUEDA', NULL),
(5, DATE_SUB(NOW(), INTERVAL 47 DAY), 'QR', NULL),
-- Día 44
(6, DATE_SUB(NOW(), INTERVAL 46 DAY), 'BUSQUEDA', NULL),
(7, DATE_SUB(NOW(), INTERVAL 46 DAY), 'QR', NULL),
(8, DATE_SUB(NOW(), INTERVAL 46 DAY), 'BUSQUEDA', NULL),
(9, DATE_SUB(NOW(), INTERVAL 46 DAY), 'QR', NULL),
(10, DATE_SUB(NOW(), INTERVAL 46 DAY), 'BUSQUEDA', NULL),
-- Día 45
(11, DATE_SUB(NOW(), INTERVAL 45 DAY), 'QR', NULL),
(12, DATE_SUB(NOW(), INTERVAL 45 DAY), 'BUSQUEDA', NULL),
(13, DATE_SUB(NOW(), INTERVAL 45 DAY), 'QR', NULL),
(14, DATE_SUB(NOW(), INTERVAL 45 DAY), 'BUSQUEDA', NULL),
(15, DATE_SUB(NOW(), INTERVAL 45 DAY), 'QR', NULL),
-- Día 46
(16, DATE_SUB(NOW(), INTERVAL 44 DAY), 'BUSQUEDA', NULL),
(17, DATE_SUB(NOW(), INTERVAL 44 DAY), 'QR', NULL),
(18, DATE_SUB(NOW(), INTERVAL 44 DAY), 'BUSQUEDA', NULL),
(19, DATE_SUB(NOW(), INTERVAL 44 DAY), 'QR', NULL),
(20, DATE_SUB(NOW(), INTERVAL 44 DAY), 'BUSQUEDA', NULL),
-- Día 47
(21, DATE_SUB(NOW(), INTERVAL 43 DAY), 'QR', NULL),
(22, DATE_SUB(NOW(), INTERVAL 43 DAY), 'BUSQUEDA', NULL),
(23, DATE_SUB(NOW(), INTERVAL 43 DAY), 'QR', NULL),
(24, DATE_SUB(NOW(), INTERVAL 43 DAY), 'BUSQUEDA', NULL),
(25, DATE_SUB(NOW(), INTERVAL 43 DAY), 'QR', NULL),
-- Día 48
(26, DATE_SUB(NOW(), INTERVAL 42 DAY), 'BUSQUEDA', NULL),
(27, DATE_SUB(NOW(), INTERVAL 42 DAY), 'QR', NULL),
(28, DATE_SUB(NOW(), INTERVAL 42 DAY), 'BUSQUEDA', NULL),
(29, DATE_SUB(NOW(), INTERVAL 42 DAY), 'QR', NULL),
(30, DATE_SUB(NOW(), INTERVAL 42 DAY), 'BUSQUEDA', NULL),
-- Día 49
(1, DATE_SUB(NOW(), INTERVAL 41 DAY), 'QR', NULL),
(2, DATE_SUB(NOW(), INTERVAL 41 DAY), 'BUSQUEDA', NULL),
(3, DATE_SUB(NOW(), INTERVAL 41 DAY), 'QR', NULL),
(4, DATE_SUB(NOW(), INTERVAL 41 DAY), 'BUSQUEDA', NULL),
(5, DATE_SUB(NOW(), INTERVAL 41 DAY), 'QR', NULL),
-- Día 50
(6, DATE_SUB(NOW(), INTERVAL 40 DAY), 'BUSQUEDA', NULL),
(7, DATE_SUB(NOW(), INTERVAL 40 DAY), 'QR', NULL),
(8, DATE_SUB(NOW(), INTERVAL 40 DAY), 'BUSQUEDA', NULL),
(9, DATE_SUB(NOW(), INTERVAL 40 DAY), 'QR', NULL),
(10, DATE_SUB(NOW(), INTERVAL 40 DAY), 'BUSQUEDA', NULL),
-- Día 51
(11, DATE_SUB(NOW(), INTERVAL 39 DAY), 'QR', NULL),
(12, DATE_SUB(NOW(), INTERVAL 39 DAY), 'BUSQUEDA', NULL),
(13, DATE_SUB(NOW(), INTERVAL 39 DAY), 'QR', NULL),
(14, DATE_SUB(NOW(), INTERVAL 39 DAY), 'BUSQUEDA', NULL),
(15, DATE_SUB(NOW(), INTERVAL 39 DAY), 'QR', NULL),
-- Día 52
(16, DATE_SUB(NOW(), INTERVAL 38 DAY), 'BUSQUEDA', NULL),
(17, DATE_SUB(NOW(), INTERVAL 38 DAY), 'QR', NULL),
(18, DATE_SUB(NOW(), INTERVAL 38 DAY), 'BUSQUEDA', NULL),
(19, DATE_SUB(NOW(), INTERVAL 38 DAY), 'QR', NULL),
(20, DATE_SUB(NOW(), INTERVAL 38 DAY), 'BUSQUEDA', NULL),
-- Día 53
(21, DATE_SUB(NOW(), INTERVAL 37 DAY), 'QR', NULL),
(22, DATE_SUB(NOW(), INTERVAL 37 DAY), 'BUSQUEDA', NULL),
(23, DATE_SUB(NOW(), INTERVAL 37 DAY), 'QR', NULL),
(24, DATE_SUB(NOW(), INTERVAL 37 DAY), 'BUSQUEDA', NULL),
(25, DATE_SUB(NOW(), INTERVAL 37 DAY), 'QR', NULL),
-- Día 54
(26, DATE_SUB(NOW(), INTERVAL 36 DAY), 'BUSQUEDA', NULL),
(27, DATE_SUB(NOW(), INTERVAL 36 DAY), 'QR', NULL),
(28, DATE_SUB(NOW(), INTERVAL 36 DAY), 'BUSQUEDA', NULL),
(29, DATE_SUB(NOW(), INTERVAL 36 DAY), 'QR', NULL),
(30, DATE_SUB(NOW(), INTERVAL 36 DAY), 'BUSQUEDA', NULL),
-- Día 55
(1, DATE_SUB(NOW(), INTERVAL 35 DAY), 'QR', NULL),
(2, DATE_SUB(NOW(), INTERVAL 35 DAY), 'BUSQUEDA', NULL),
(3, DATE_SUB(NOW(), INTERVAL 35 DAY), 'QR', NULL),
(4, DATE_SUB(NOW(), INTERVAL 35 DAY), 'BUSQUEDA', NULL),
(5, DATE_SUB(NOW(), INTERVAL 35 DAY), 'QR', NULL),
-- Día 56
(6, DATE_SUB(NOW(), INTERVAL 34 DAY), 'BUSQUEDA', NULL),
(7, DATE_SUB(NOW(), INTERVAL 34 DAY), 'QR', NULL),
(8, DATE_SUB(NOW(), INTERVAL 34 DAY), 'BUSQUEDA', NULL),
(9, DATE_SUB(NOW(), INTERVAL 34 DAY), 'QR', NULL),
(10, DATE_SUB(NOW(), INTERVAL 34 DAY), 'BUSQUEDA', NULL),
-- Día 57
(11, DATE_SUB(NOW(), INTERVAL 33 DAY), 'QR', NULL),
(12, DATE_SUB(NOW(), INTERVAL 33 DAY), 'BUSQUEDA', NULL),
(13, DATE_SUB(NOW(), INTERVAL 33 DAY), 'QR', NULL),
(14, DATE_SUB(NOW(), INTERVAL 33 DAY), 'BUSQUEDA', NULL),
(15, DATE_SUB(NOW(), INTERVAL 33 DAY), 'QR', NULL),
-- Día 58
(16, DATE_SUB(NOW(), INTERVAL 32 DAY), 'BUSQUEDA', NULL),
(17, DATE_SUB(NOW(), INTERVAL 32 DAY), 'QR', NULL),
(18, DATE_SUB(NOW(), INTERVAL 32 DAY), 'BUSQUEDA', NULL),
(19, DATE_SUB(NOW(), INTERVAL 32 DAY), 'QR', NULL),
(20, DATE_SUB(NOW(), INTERVAL 32 DAY), 'BUSQUEDA', NULL),
-- Día 59
(21, DATE_SUB(NOW(), INTERVAL 31 DAY), 'QR', NULL),
(22, DATE_SUB(NOW(), INTERVAL 31 DAY), 'BUSQUEDA', NULL),
(23, DATE_SUB(NOW(), INTERVAL 31 DAY), 'QR', NULL),
(24, DATE_SUB(NOW(), INTERVAL 31 DAY), 'BUSQUEDA', NULL),
(25, DATE_SUB(NOW(), INTERVAL 31 DAY), 'QR', NULL),
-- Día 60
(26, DATE_SUB(NOW(), INTERVAL 30 DAY), 'BUSQUEDA', NULL),
(27, DATE_SUB(NOW(), INTERVAL 30 DAY), 'QR', NULL),
(28, DATE_SUB(NOW(), INTERVAL 30 DAY), 'BUSQUEDA', NULL),
(29, DATE_SUB(NOW(), INTERVAL 30 DAY), 'QR', NULL),
(30, DATE_SUB(NOW(), INTERVAL 30 DAY), 'BUSQUEDA', NULL);
